{
    "CO": {
        "min": 1.0,
        "max": 18.0,
        "mean": 4.987004548408057,
        "median": 4.987004548408057,
        "std": 1.8648074675024877
    },
    "Ozone": {
        "min": 1.0,
        "max": 185.0,
        "mean": 39.00825460833763,
        "median": 36.0,
        "std": 18.830411753520487
    },
    "PM10": {
        "min": 1.0,
        "max": 67.0,
        "mean": 13.40467111534795,
        "median": 13.0,
        "std": 7.177063740658481
    },
    "PM25": {
        "min": 4.0,
        "max": 166.0,
        "mean": 38.429868140525066,
        "median": 36.0,
        "std": 17.28163813266016
    },
    "NO2": {
        "min": 2.0,
        "max": 72.0,
        "mean": 21.362118320610687,
        "median": 21.362118320610687,
        "std": 8.568929543037553
    },
    "Overall AQI Value": {
        "min": 12.0,
        "max": 185.0,
        "mean": 46.91967138293017,
        "median": 43.0,
        "std": 19.12895271670878
    }
}